id,created_at,updated_at,slug,translation,sana_id,sana_name
1,2026-06-12 23:33:09.117389+00,2026-06-12 23:33:09.117389+00,,"{""fa"":""نامشخص""}",100000,نامشخص
2,2026-06-12 23:33:09.117389+00,2026-06-12 23:33:09.117389+00,,"{""fa"":""آرژانتين""}",100001,آرژانتين
3,2026-06-12 23:33:09.117389+00,2026-06-12 23:33:09.117389+00,,"{""fa"":""آروبا""}",100002,آروبا
4,2026-06-12 23:33:09.117389+00,2026-06-12 23:33:09.117389+00,,"{""fa"":""آفريقاي جنوبي""}",100003,آفريقاي جنوبي
5,2026-06-12 23:33:09.117389+00,2026-06-12 23:33:09.117389+00,,"{""fa"":""آفريقاي مركزي""}",100004,آفريقاي مركزي
6,2026-06-12 23:33:09.117389+00,2026-06-12 23:33:09.117389+00,,"{""fa"":""آلباني""}",100005,آلباني
7,2026-06-12 23:33:09.117389+00,2026-06-12 23:33:09.117389+00,,"{""fa"":""آلمان""}",100006,آلمان
8,2026-06-12 23:33:09.117389+00,2026-06-12 23:33:09.117389+00,,"{""fa"":""آنتيل هلند""}",100007,آنتيل هلند
9,2026-06-12 23:33:09.117389+00,2026-06-12 23:33:09.117389+00,,"{""fa"":""آندورا""}",100008,آندورا
10,2026-06-12 23:33:09.117389+00,2026-06-12 23:33:09.117389+00,,"{""fa"":""آنگوئيلا""}",100009,آنگوئيلا
11,2026-06-12 23:33:09.117389+00,2026-06-12 23:33:09.117389+00,,"{""fa"":""آنگولا""}",100010,آنگولا
12,2026-06-12 23:33:09.117389+00,2026-06-12 23:33:09.117389+00,,"{""fa"":""اتريش""}",100011,اتريش
13,2026-06-12 23:33:09.117389+00,2026-06-12 23:33:09.117389+00,,"{""fa"":""اتيوپي""}",100012,اتيوپي
14,2026-06-12 23:33:09.117389+00,2026-06-12 23:33:09.117389+00,,"{""fa"":""اردن""}",100013,اردن
15,2026-06-12 23:33:09.117389+00,2026-06-12 23:33:09.117389+00,,"{""fa"":""ارمنستان""}",100014,ارمنستان
16,2026-06-12 23:33:09.117389+00,2026-06-12 23:33:09.117389+00,,"{""fa"":""اروگوئه""}",100015,اروگوئه
17,2026-06-12 23:33:09.117389+00,2026-06-12 23:33:09.117389+00,,"{""fa"":""اريتره""}",100016,اريتره
18,2026-06-12 23:33:09.117389+00,2026-06-12 23:33:09.117389+00,,"{""fa"":""ازبكستان""}",100017,ازبكستان
19,2026-06-12 23:33:09.117389+00,2026-06-12 23:33:09.117389+00,,"{""fa"":""اسانسيون""}",100018,اسانسيون
20,2026-06-12 23:33:09.117389+00,2026-06-12 23:33:09.117389+00,,"{""fa"":""اسپانيا""}",100019,اسپانيا
21,2026-06-12 23:33:09.117389+00,2026-06-12 23:33:09.117389+00,,"{""fa"":""استراليا""}",100020,استراليا
22,2026-06-12 23:33:09.117389+00,2026-06-12 23:33:09.117389+00,,"{""fa"":""استوني""}",100021,استوني
23,2026-06-12 23:33:09.117389+00,2026-06-12 23:33:09.117389+00,,"{""fa"":""اسلواكي""}",100022,اسلواكي
24,2026-06-12 23:33:09.117389+00,2026-06-12 23:33:09.117389+00,,"{""fa"":""افغانستان""}",100023,افغانستان
25,2026-06-12 23:33:09.117389+00,2026-06-12 23:33:09.117389+00,,"{""fa"":""اوكراين""}",100028,اوكراين
26,2026-06-12 23:33:09.117389+00,2026-06-12 23:33:09.117389+00,,"{""fa"":""اكوادور""}",100029,اكوادور
27,2026-06-12 23:33:09.117389+00,2026-06-12 23:33:09.117389+00,,"{""fa"":""الجزاير""}",100030,الجزاير
28,2026-06-12 23:33:09.117389+00,2026-06-12 23:33:09.117389+00,,"{""fa"":""السالوادور""}",100031,السالوادور
29,2026-06-12 23:33:09.117389+00,2026-06-12 23:33:09.117389+00,,"{""fa"":""امارات متحده عربي""}",100032,امارات متحده عربي
30,2026-06-12 23:33:09.117389+00,2026-06-12 23:33:09.117389+00,,"{""fa"":""اندونزي""}",100033,اندونزي
31,2026-06-12 23:33:09.117389+00,2026-06-12 23:33:09.117389+00,,"{""fa"":""انگلستان""}",100034,انگلستان
32,2026-06-12 23:33:09.117389+00,2026-06-12 23:33:09.117389+00,,"{""fa"":""اوگاندا""}",100035,اوگاندا
33,2026-06-12 23:33:09.117389+00,2026-06-12 23:33:09.117389+00,,"{""fa"":""ايالات متحده آمريكا""}",100036,ايالات متحده آمريكا
34,2026-06-12 23:33:09.117389+00,2026-06-12 23:33:09.117389+00,,"{""fa"":""ايتاليا""}",100037,ايتاليا
35,2026-06-12 23:33:09.117389+00,2026-06-12 23:33:09.117389+00,,"{""fa"":""ايران""}",100038,ايران
36,2026-06-12 23:33:09.117389+00,2026-06-12 23:33:09.117389+00,,"{""fa"":""ايرلند""}",100039,ايرلند
37,2026-06-12 23:33:09.117389+00,2026-06-12 23:33:09.117389+00,,"{""fa"":""ايسلند""}",100040,ايسلند
38,2026-06-12 23:33:09.117389+00,2026-06-12 23:33:09.117389+00,,"{""fa"":""باهاما""}",100041,باهاما
39,2026-06-12 23:33:09.117389+00,2026-06-12 23:33:09.117389+00,,"{""fa"":""بحرين""}",100042,بحرين
40,2026-06-12 23:33:09.117389+00,2026-06-12 23:33:09.117389+00,,"{""fa"":""برزيل""}",100043,برزيل
41,2026-06-12 23:33:09.117389+00,2026-06-12 23:33:09.117389+00,,"{""fa"":""برمودا""}",100044,برمودا
42,2026-06-12 23:33:09.117389+00,2026-06-12 23:33:09.117389+00,,"{""fa"":""برمه""}",100045,برمه
43,2026-06-12 23:33:09.117389+00,2026-06-12 23:33:09.117389+00,,"{""fa"":""برونئي""}",100046,برونئي
44,2026-06-12 23:33:09.117389+00,2026-06-12 23:33:09.117389+00,,"{""fa"":""بروندي""}",100047,بروندي
45,2026-06-12 23:33:09.117389+00,2026-06-12 23:33:09.117389+00,,"{""fa"":""بليز""}",100048,بليز
46,2026-06-12 23:33:09.117389+00,2026-06-12 23:33:09.117389+00,,"{""fa"":""بلژيك""}",100049,بلژيك
47,2026-06-12 23:33:09.117389+00,2026-06-12 23:33:09.117389+00,,"{""fa"":""بلغارستان""}",100050,بلغارستان
48,2026-06-12 23:33:09.117389+00,2026-06-12 23:33:09.117389+00,,"{""fa"":""بنگلادش""}",100051,بنگلادش
49,2026-06-12 23:33:09.117389+00,2026-06-12 23:33:09.117389+00,,"{""fa"":""بوتان""}",100052,بوتان
50,2026-06-12 23:33:09.117389+00,2026-06-12 23:33:09.117389+00,,"{""fa"":""بوتسوانا""}",100053,بوتسوانا
51,2026-06-12 23:33:09.117389+00,2026-06-12 23:33:09.117389+00,,"{""fa"":""بوركينافاسو""}",100054,بوركينافاسو
52,2026-06-12 23:33:09.117389+00,2026-06-12 23:33:09.117389+00,,"{""fa"":""بوسني وهرزگوين""}",100055,بوسني وهرزگوين
53,2026-06-12 23:33:09.117389+00,2026-06-12 23:33:09.117389+00,,"{""fa"":""بوليوي""}",100056,بوليوي
54,2026-06-12 23:33:09.117389+00,2026-06-12 23:33:09.117389+00,,"{""fa"":""بلاروس""}",100057,بلاروس
55,2026-06-12 23:33:09.117389+00,2026-06-12 23:33:09.117389+00,,"{""fa"":""پاراگوئه""}",100058,پاراگوئه
56,2026-06-12 23:33:09.117389+00,2026-06-12 23:33:09.117389+00,,"{""fa"":""پاكستان""}",100059,پاكستان
57,2026-06-12 23:33:09.117389+00,2026-06-12 23:33:09.117389+00,,"{""fa"":""پاناما""}",100060,پاناما
58,2026-06-12 23:33:09.117389+00,2026-06-12 23:33:09.117389+00,,"{""fa"":""پرتغال""}",100061,پرتغال
59,2026-06-12 23:33:09.117389+00,2026-06-12 23:33:09.117389+00,,"{""fa"":""پرتوريكو""}",100062,پرتوريكو
60,2026-06-12 23:33:09.117389+00,2026-06-12 23:33:09.117389+00,,"{""fa"":""پرو""}",100063,پرو
61,2026-06-12 23:33:09.117389+00,2026-06-12 23:33:09.117389+00,,"{""fa"":""پلي‌نزيا""}",100064,پلي‌نزيا
62,2026-06-12 23:33:09.117389+00,2026-06-12 23:33:09.117389+00,,"{""fa"":""تاجيکستان""}",100065,تاجيکستان
63,2026-06-12 23:33:09.117389+00,2026-06-12 23:33:09.117389+00,,"{""fa"":""تانزانيا""}",100066,تانزانيا
64,2026-06-12 23:33:09.117389+00,2026-06-12 23:33:09.117389+00,,"{""fa"":""تايلند""}",100067,تايلند
65,2026-06-12 23:33:09.117389+00,2026-06-12 23:33:09.117389+00,,"{""fa"":""تايوان""}",100068,تايوان
66,2026-06-12 23:33:09.117389+00,2026-06-12 23:33:09.117389+00,,"{""fa"":""تركمنستان""}",100069,تركمنستان
67,2026-06-12 23:33:09.117389+00,2026-06-12 23:33:09.117389+00,,"{""fa"":""تركيه""}",100070,تركيه
68,2026-06-12 23:33:09.117389+00,2026-06-12 23:33:09.117389+00,,"{""fa"":""ترينيداد و توباگو""}",100071,ترينيداد و توباگو
69,2026-06-12 23:33:09.117389+00,2026-06-12 23:33:09.117389+00,,"{""fa"":""توگو""}",100072,توگو
70,2026-06-12 23:33:09.117389+00,2026-06-12 23:33:09.117389+00,,"{""fa"":""تونس""}",100073,تونس
71,2026-06-12 23:33:09.117389+00,2026-06-12 23:33:09.117389+00,,"{""fa"":""تونگا""}",100074,تونگا
72,2026-06-12 23:33:09.117389+00,2026-06-12 23:33:09.117389+00,,"{""fa"":""جامائيكا""}",100075,جامائيكا
73,2026-06-12 23:33:09.117389+00,2026-06-12 23:33:09.117389+00,,"{""fa"":""جزاير سليمان""}",100077,جزاير سليمان
74,2026-06-12 23:33:09.117389+00,2026-06-12 23:33:09.117389+00,,"{""fa"":""جزاير ويرجين انگليس""}",100083,جزاير ويرجين انگليس
75,2026-06-12 23:33:09.117389+00,2026-06-12 23:33:09.117389+00,,"{""fa"":""آذربايجان""}",100084,آذربايجان
76,2026-06-12 23:33:09.117389+00,2026-06-12 23:33:09.117389+00,,"{""fa"":""جيبوتي""}",100085,جيبوتي
77,2026-06-12 23:33:09.117389+00,2026-06-12 23:33:09.117389+00,,"{""fa"":""چاد""}",100086,چاد
78,2026-06-12 23:33:09.117389+00,2026-06-12 23:33:09.117389+00,,"{""fa"":""جمهوري چك""}",100087,جمهوري چك
79,2026-06-12 23:33:09.117389+00,2026-06-12 23:33:09.117389+00,,"{""fa"":""چين""}",100088,چين
80,2026-06-12 23:33:09.117389+00,2026-06-12 23:33:09.117389+00,,"{""fa"":""دانمارك""}",100089,دانمارك
81,2026-06-12 23:33:09.117389+00,2026-06-12 23:33:09.117389+00,,"{""fa"":""دومينيكا""}",100090,دومينيكا
82,2026-06-12 23:33:09.117389+00,2026-06-12 23:33:09.117389+00,,"{""fa"":""دومينيكن""}",100091,دومينيكن
83,2026-06-12 23:33:09.117389+00,2026-06-12 23:33:09.117389+00,,"{""fa"":""رئونيون""}",100092,رئونيون
84,2026-06-12 23:33:09.117389+00,2026-06-12 23:33:09.117389+00,,"{""fa"":""رواندا""}",100093,رواندا
85,2026-06-12 23:33:09.117389+00,2026-06-12 23:33:09.117389+00,,"{""fa"":""روسيه""}",100094,روسيه
86,2026-06-12 23:33:09.117389+00,2026-06-12 23:33:09.117389+00,,"{""fa"":""روماني""}",100095,روماني
87,2026-06-12 23:33:09.117389+00,2026-06-12 23:33:09.117389+00,,"{""fa"":""زئير""}",100096,زئير
88,2026-06-12 23:33:09.117389+00,2026-06-12 23:33:09.117389+00,,"{""fa"":""زامبيا""}",100097,زامبيا
89,2026-06-12 23:33:09.117389+00,2026-06-12 23:33:09.117389+00,,"{""fa"":""زلاندنو""}",100098,زلاندنو
90,2026-06-12 23:33:09.117389+00,2026-06-12 23:33:09.117389+00,,"{""fa"":""زيمباوه""}",100099,زيمباوه
91,2026-06-12 23:33:09.117389+00,2026-06-12 23:33:09.117389+00,,"{""fa"":""ژاپن""}",100100,ژاپن
92,2026-06-12 23:33:09.117389+00,2026-06-12 23:33:09.117389+00,,"{""fa"":""ساحل عاج""}",100101,ساحل عاج
93,2026-06-12 23:33:09.117389+00,2026-06-12 23:33:09.117389+00,,"{""fa"":""سامواي غربي""}",100102,سامواي غربي
94,2026-06-12 23:33:09.117389+00,2026-06-12 23:33:09.117389+00,,"{""fa"":""سامواي آمريكا""}",100103,سامواي آمريكا
95,2026-06-12 23:33:09.117389+00,2026-06-12 23:33:09.117389+00,,"{""fa"":""سريلانكا""}",100104,سريلانكا
96,2026-06-12 23:33:09.117389+00,2026-06-12 23:33:09.117389+00,,"{""fa"":""سن‌مارينو""}",100105,سن‌مارينو
97,2026-06-12 23:33:09.117389+00,2026-06-12 23:33:09.117389+00,,"{""fa"":""سنت پيئرو""}",100106,سنت پيئرو
98,2026-06-12 23:33:09.117389+00,2026-06-12 23:33:09.117389+00,,"{""fa"":""سنت تام پرنسيب""}",100107,سنت تام پرنسيب
99,2026-06-12 23:33:09.117389+00,2026-06-12 23:33:09.117389+00,,"{""fa"":""سنت كيتس""}",100108,سنت كيتس
100,2026-06-12 23:33:09.117389+00,2026-06-12 23:33:09.117389+00,,"{""fa"":""سنت لوسيا""}",100109,سنت لوسيا
101,2026-06-12 23:33:09.124179+00,2026-06-12 23:33:09.124179+00,,"{""fa"":""سنگاپور""}",100110,سنگاپور
102,2026-06-12 23:33:09.124179+00,2026-06-12 23:33:09.124179+00,,"{""fa"":""سنگال""}",100111,سنگال
103,2026-06-12 23:33:09.124179+00,2026-06-12 23:33:09.124179+00,,"{""fa"":""سوئد""}",100112,سوئد
104,2026-06-12 23:33:09.124179+00,2026-06-12 23:33:09.124179+00,,"{""fa"":""سوئيس""}",100113,سوئيس
105,2026-06-12 23:33:09.124179+00,2026-06-12 23:33:09.124179+00,,"{""fa"":""سوازيلند""}",100114,سوازيلند
106,2026-06-12 23:33:09.124179+00,2026-06-12 23:33:09.124179+00,,"{""fa"":""سودان""}",100115,سودان
107,2026-06-12 23:33:09.124179+00,2026-06-12 23:33:09.124179+00,,"{""fa"":""سورينام""}",100116,سورينام
108,2026-06-12 23:33:09.124179+00,2026-06-12 23:33:09.124179+00,,"{""fa"":""سوريه""}",100117,سوريه
109,2026-06-12 23:33:09.124179+00,2026-06-12 23:33:09.124179+00,,"{""fa"":""سومالي""}",100118,سومالي
110,2026-06-12 23:33:09.124179+00,2026-06-12 23:33:09.124179+00,,"{""fa"":""سيرالئون""}",100119,سيرالئون
111,2026-06-12 23:33:09.124179+00,2026-06-12 23:33:09.124179+00,,"{""fa"":""سيشل""}",100120,سيشل
112,2026-06-12 23:33:09.124179+00,2026-06-12 23:33:09.124179+00,,"{""fa"":""شيلي""}",100121,شيلي
113,2026-06-12 23:33:09.124179+00,2026-06-12 23:33:09.124179+00,,"{""fa"":""صربستان""}",100122,صربستان
114,2026-06-12 23:33:09.124179+00,2026-06-12 23:33:09.124179+00,,"{""fa"":""عراق""}",100123,عراق
115,2026-06-12 23:33:09.124179+00,2026-06-12 23:33:09.124179+00,,"{""fa"":""عربستان سعودي""}",100124,عربستان سعودي
116,2026-06-12 23:33:09.124179+00,2026-06-12 23:33:09.124179+00,,"{""fa"":""عمان""}",100125,عمان
117,2026-06-12 23:33:09.124179+00,2026-06-12 23:33:09.124179+00,,"{""fa"":""غنا""}",100126,غنا
118,2026-06-12 23:33:09.124179+00,2026-06-12 23:33:09.124179+00,,"{""fa"":""فرانسه""}",100127,فرانسه
119,2026-06-12 23:33:09.124179+00,2026-06-12 23:33:09.124179+00,,"{""fa"":""فنلاند""}",100128,فنلاند
120,2026-06-12 23:33:09.124179+00,2026-06-12 23:33:09.124179+00,,"{""fa"":""فيجي""}",100129,فيجي
121,2026-06-12 23:33:09.124179+00,2026-06-12 23:33:09.124179+00,,"{""fa"":""فيليپين""}",100130,فيليپين
122,2026-06-12 23:33:09.124179+00,2026-06-12 23:33:09.124179+00,,"{""fa"":""قبرس""}",100131,قبرس
123,2026-06-12 23:33:09.124179+00,2026-06-12 23:33:09.124179+00,,"{""fa"":""قرقيزستان""}",100132,قرقيزستان
124,2026-06-12 23:33:09.124179+00,2026-06-12 23:33:09.124179+00,,"{""fa"":""قزاقستان""}",100133,قزاقستان
125,2026-06-12 23:33:09.124179+00,2026-06-12 23:33:09.124179+00,,"{""fa"":""قطر""}",100134,قطر
126,2026-06-12 23:33:09.124179+00,2026-06-12 23:33:09.124179+00,,"{""fa"":""كاستاريكا""}",100135,كاستاريكا
127,2026-06-12 23:33:09.124179+00,2026-06-12 23:33:09.124179+00,,"{""fa"":""كالدونياي جديد""}",100136,كالدونياي جديد
128,2026-06-12 23:33:09.124179+00,2026-06-12 23:33:09.124179+00,,"{""fa"":""كامبوج""}",100137,كامبوج
129,2026-06-12 23:33:09.124179+00,2026-06-12 23:33:09.124179+00,,"{""fa"":""كامرون""}",100138,كامرون
130,2026-06-12 23:33:09.124179+00,2026-06-12 23:33:09.124179+00,,"{""fa"":""كانادا""}",100139,كانادا
131,2026-06-12 23:33:09.124179+00,2026-06-12 23:33:09.124179+00,,"{""fa"":""كرواسي""}",100140,كرواسي
132,2026-06-12 23:33:09.124179+00,2026-06-12 23:33:09.124179+00,,"{""fa"":""كره جنوبي""}",100141,كره جنوبي
133,2026-06-12 23:33:09.124179+00,2026-06-12 23:33:09.124179+00,,"{""fa"":""كره شمالي""}",100142,كره شمالي
134,2026-06-12 23:33:09.124179+00,2026-06-12 23:33:09.124179+00,,"{""fa"":""كلمبيا""}",100143,كلمبيا
135,2026-06-12 23:33:09.124179+00,2026-06-12 23:33:09.124179+00,,"{""fa"":""كنگو""}",100144,كنگو
136,2026-06-12 23:33:09.124179+00,2026-06-12 23:33:09.124179+00,,"{""fa"":""كنيا""}",100145,كنيا
137,2026-06-12 23:33:09.124179+00,2026-06-12 23:33:09.124179+00,,"{""fa"":""كوبا""}",100146,كوبا
138,2026-06-12 23:33:09.124179+00,2026-06-12 23:33:09.124179+00,,"{""fa"":""كومور""}",100147,كومور
139,2026-06-12 23:33:09.124179+00,2026-06-12 23:33:09.124179+00,,"{""fa"":""كويت""}",100148,كويت
140,2026-06-12 23:33:09.124179+00,2026-06-12 23:33:09.124179+00,,"{""fa"":""كيپ ورد""}",100149,كيپ ورد
141,2026-06-12 23:33:09.124179+00,2026-06-12 23:33:09.124179+00,,"{""fa"":""گابون""}",100150,گابون
142,2026-06-12 23:33:09.124179+00,2026-06-12 23:33:09.124179+00,,"{""fa"":""گامبيا""}",100151,گامبيا
143,2026-06-12 23:33:09.124179+00,2026-06-12 23:33:09.124179+00,,"{""fa"":""گرانادا""}",100152,گرانادا
144,2026-06-12 23:33:09.124179+00,2026-06-12 23:33:09.124179+00,,"{""fa"":""گرجستان""}",100153,گرجستان
145,2026-06-12 23:33:09.124179+00,2026-06-12 23:33:09.124179+00,,"{""fa"":""گرينلند""}",100154,گرينلند
146,2026-06-12 23:33:09.124179+00,2026-06-12 23:33:09.124179+00,,"{""fa"":""گواتمالا""}",100155,گواتمالا
147,2026-06-12 23:33:09.124179+00,2026-06-12 23:33:09.124179+00,,"{""fa"":""گويان فرانسه""}",100156,گويان فرانسه
148,2026-06-12 23:33:09.124179+00,2026-06-12 23:33:09.124179+00,,"{""fa"":""گويان جرج تاون""}",100157,گويان جرج تاون
149,2026-06-12 23:33:09.124179+00,2026-06-12 23:33:09.124179+00,,"{""fa"":""گينه استوائي""}",100158,گينه استوائي
150,2026-06-12 23:33:09.124179+00,2026-06-12 23:33:09.124179+00,,"{""fa"":""گينه بيسائو""}",100159,گينه بيسائو
151,2026-06-12 23:33:09.124179+00,2026-06-12 23:33:09.124179+00,,"{""fa"":""گينه جمهوري""}",100160,گينه جمهوري
152,2026-06-12 23:33:09.124179+00,2026-06-12 23:33:09.124179+00,,"{""fa"":""گينه نو""}",100161,گينه نو
153,2026-06-12 23:33:09.124179+00,2026-06-12 23:33:09.124179+00,,"{""fa"":""لائوس""}",100162,لائوس
154,2026-06-12 23:33:09.124179+00,2026-06-12 23:33:09.124179+00,,"{""fa"":""لبنان""}",100163,لبنان
155,2026-06-12 23:33:09.124179+00,2026-06-12 23:33:09.124179+00,,"{""fa"":""لتوني""}",100164,لتوني
156,2026-06-12 23:33:09.124179+00,2026-06-12 23:33:09.124179+00,,"{""fa"":""لسوتو""}",100165,لسوتو
157,2026-06-12 23:33:09.124179+00,2026-06-12 23:33:09.124179+00,,"{""fa"":""لوگزامبورگ""}",100166,لوگزامبورگ
158,2026-06-12 23:33:09.124179+00,2026-06-12 23:33:09.124179+00,,"{""fa"":""لهستان""}",100167,لهستان
159,2026-06-12 23:33:09.124179+00,2026-06-12 23:33:09.124179+00,,"{""fa"":""ليبريا""}",100168,ليبريا
160,2026-06-12 23:33:09.124179+00,2026-06-12 23:33:09.124179+00,,"{""fa"":""ليبي""}",100169,ليبي
161,2026-06-12 23:33:09.124179+00,2026-06-12 23:33:09.124179+00,,"{""fa"":""ليتواني""}",100170,ليتواني
162,2026-06-12 23:33:09.124179+00,2026-06-12 23:33:09.124179+00,,"{""fa"":""ليختن اشتاين""}",100171,ليختن اشتاين
163,2026-06-12 23:33:09.124179+00,2026-06-12 23:33:09.124179+00,,"{""fa"":""ماداگاسكار""}",100172,ماداگاسكار
164,2026-06-12 23:33:09.124179+00,2026-06-12 23:33:09.124179+00,,"{""fa"":""ماكائو""}",100173,ماكائو
165,2026-06-12 23:33:09.124179+00,2026-06-12 23:33:09.124179+00,,"{""fa"":""مالاوي""}",100174,مالاوي
166,2026-06-12 23:33:09.124179+00,2026-06-12 23:33:09.124179+00,,"{""fa"":""مالت""}",100175,مالت
167,2026-06-12 23:33:09.124179+00,2026-06-12 23:33:09.124179+00,,"{""fa"":""مالديو""}",100176,مالديو
168,2026-06-12 23:33:09.124179+00,2026-06-12 23:33:09.124179+00,,"{""fa"":""مالزي""}",100177,مالزي
169,2026-06-12 23:33:09.124179+00,2026-06-12 23:33:09.124179+00,,"{""fa"":""مالي""}",100178,مالي
170,2026-06-12 23:33:09.124179+00,2026-06-12 23:33:09.124179+00,,"{""fa"":""مجارستان""}",100179,مجارستان
171,2026-06-12 23:33:09.124179+00,2026-06-12 23:33:09.124179+00,,"{""fa"":""مراكش""}",100180,مراكش
172,2026-06-12 23:33:09.124179+00,2026-06-12 23:33:09.124179+00,,"{""fa"":""مصر""}",100181,مصر
173,2026-06-12 23:33:09.124179+00,2026-06-12 23:33:09.124179+00,,"{""fa"":""مغولستان""}",100182,مغولستان
174,2026-06-12 23:33:09.124179+00,2026-06-12 23:33:09.124179+00,,"{""fa"":""مقدونيه""}",100183,مقدونيه
175,2026-06-12 23:33:09.124179+00,2026-06-12 23:33:09.124179+00,,"{""fa"":""مكزيك""}",100184,مكزيك
176,2026-06-12 23:33:09.124179+00,2026-06-12 23:33:09.124179+00,,"{""fa"":""موريتاني""}",100185,موريتاني
177,2026-06-12 23:33:09.124179+00,2026-06-12 23:33:09.124179+00,,"{""fa"":""موريس""}",100186,موريس
178,2026-06-12 23:33:09.124179+00,2026-06-12 23:33:09.124179+00,,"{""fa"":""موزامبيك""}",100187,موزامبيك
179,2026-06-12 23:33:09.124179+00,2026-06-12 23:33:09.124179+00,,"{""fa"":""موناكو""}",100188,موناكو
180,2026-06-12 23:33:09.124179+00,2026-06-12 23:33:09.124179+00,,"{""fa"":""ميانمار""}",100189,ميانمار
181,2026-06-12 23:33:09.124179+00,2026-06-12 23:33:09.124179+00,,"{""fa"":""نامبيا""}",100190,نامبيا
182,2026-06-12 23:33:09.124179+00,2026-06-12 23:33:09.124179+00,,"{""fa"":""نپال""}",100191,نپال
183,2026-06-12 23:33:09.124179+00,2026-06-12 23:33:09.124179+00,,"{""fa"":""نروژ""}",100192,نروژ
184,2026-06-12 23:33:09.124179+00,2026-06-12 23:33:09.124179+00,,"{""fa"":""نيجر""}",100193,نيجر
185,2026-06-12 23:33:09.124179+00,2026-06-12 23:33:09.124179+00,,"{""fa"":""نيجريه""}",100194,نيجريه
186,2026-06-12 23:33:09.124179+00,2026-06-12 23:33:09.124179+00,,"{""fa"":""نيكاراگوئه""}",100195,نيكاراگوئه
187,2026-06-12 23:33:09.124179+00,2026-06-12 23:33:09.124179+00,,"{""fa"":""واتيكان""}",100196,واتيكان
188,2026-06-12 23:33:09.124179+00,2026-06-12 23:33:09.124179+00,,"{""fa"":""ونزوئلا""}",100197,ونزوئلا
189,2026-06-12 23:33:09.124179+00,2026-06-12 23:33:09.124179+00,,"{""fa"":""ويتنام""}",100198,ويتنام
190,2026-06-12 23:33:09.124179+00,2026-06-12 23:33:09.124179+00,,"{""fa"":""هائيتي""}",100199,هائيتي
191,2026-06-12 23:33:09.124179+00,2026-06-12 23:33:09.124179+00,,"{""fa"":""هلند""}",100200,هلند
192,2026-06-12 23:33:09.124179+00,2026-06-12 23:33:09.124179+00,,"{""fa"":""هندوراس""}",100201,هندوراس
193,2026-06-12 23:33:09.124179+00,2026-06-12 23:33:09.124179+00,,"{""fa"":""هندوستان""}",100202,هندوستان
194,2026-06-12 23:33:09.124179+00,2026-06-12 23:33:09.124179+00,,"{""fa"":""هنگ كنگ""}",100203,هنگ كنگ
195,2026-06-12 23:33:09.124179+00,2026-06-12 23:33:09.124179+00,,"{""fa"":""يمن (صنعا)""}",100204,يمن (صنعا)
196,2026-06-12 23:33:09.124179+00,2026-06-12 23:33:09.124179+00,,"{""fa"":""يمن (عدن)""}",100205,يمن (عدن)
197,2026-06-12 23:33:09.124179+00,2026-06-12 23:33:09.124179+00,,"{""fa"":""يونان""}",100206,يونان
198,2026-06-12 23:33:09.124179+00,2026-06-12 23:33:09.124179+00,,"{""fa"":""فلسطين""}",100207,فلسطين
199,2026-06-12 23:33:09.124179+00,2026-06-12 23:33:09.124179+00,,"{""fa"":""رژيم اشغالگر قدس""}",100208,رژيم اشغالگر قدس
200,2026-06-12 23:33:09.124179+00,2026-06-12 23:33:09.124179+00,,"{""fa"":""مولداوي""}",100209,مولداوي
201,2026-06-12 23:33:09.128574+00,2026-06-12 23:33:09.128574+00,,"{""fa"":""اسکاتلند""}",100210,اسکاتلند
